Date,Sales,Stateholiday,Schoolholiday
2013-01-06,2860.0,0.3333333333333333,0.6666666666666666
2013-01-13,5750.428571428572,0.0,0.0
2013-01-20,3003.714285714286,0.0,0.0
2013-01-27,5241.285714285715,0.0,0.0
2013-02-03,3325.714285714286,0.0,0.0
2013-02-10,4959.142857142857,0.0,0.0
2013-02-17,3021.714285714286,0.0,0.0
2013-02-24,5049.0,0.0,0.0
2013-03-03,3196.8571428571427,0.0,0.0
2013-03-10,5069.571428571428,0.0,0.0
2013-03-17,3178.8571428571427,0.0,0.0
2013-03-24,5127.0,0.0,0.0
2013-03-31,5587.142857142857,0.14285714285714285,0.7142857142857143
2013-04-07,2772.0,0.14285714285714285,0.7142857142857143
2013-04-14,5389.857142857143,0.0,0.0
2013-04-21,3001.1428571428573,0.0,0.0
2013-04-28,4905.285714285715,0.0,0.0
2013-05-05,4831.285714285715,0.14285714285714285,0.0
2013-05-12,3047.4285714285716,0.14285714285714285,0.0
2013-05-19,5074.714285714285,0.0,0.0
2013-05-26,2707.714285714286,0.14285714285714285,0.5714285714285714
2013-06-02,4792.142857142857,0.14285714285714285,0.7142857142857143
2013-06-09,5056.571428571428,0.0,0.0
2013-06-16,3002.0,0.0,0.0
2013-06-23,4940.0,0.0,0.0
2013-06-30,3683.0,0.0,0.0
2013-07-07,5155.857142857143,0.0,0.0
2013-07-14,3156.4285714285716,0.0,0.0
2013-07-21,6040.428571428572,0.0,0.0
2013-07-28,3473.714285714286,0.0,0.2857142857142857
2013-08-04,5669.285714285715,0.0,0.7142857142857143
2013-08-11,3094.8571428571427,0.0,0.7142857142857143
2013-08-18,5059.285714285715,0.0,0.7142857142857143
2013-08-25,2817.8571428571427,0.0,0.7142857142857143
2013-09-01,4816.571428571428,0.0,0.7142857142857143
2013-09-08,3158.1428571428573,0.0,0.7142857142857143
2013-09-15,5936.0,0.0,0.0
2013-09-22,3001.8571428571427,0.0,0.0
2013-09-29,5333.428571428572,0.0,0.0
2013-10-06,3177.1428571428573,0.14285714285714285,0.0
2013-10-13,5433.0,0.0,0.0
2013-10-20,3168.5714285714284,0.0,0.0
2013-10-27,5298.142857142857,0.0,0.0
2013-11-03,3344.714285714286,0.14285714285714285,0.42857142857142855
2013-11-10,5467.142857142857,0.0,0.0
2013-11-17,3207.714285714286,0.0,0.0
2013-11-24,5314.428571428572,0.0,0.0
2013-12-01,3715.285714285714,0.0,0.0
2013-12-08,6389.428571428572,0.0,0.0
2013-12-15,3795.8571428571427,0.0,0.0
2013-12-22,7873.428571428572,0.0,0.0
2013-12-29,2985.285714285714,0.2857142857142857,0.7142857142857143
2014-01-05,3354.4285714285716,0.14285714285714285,0.7142857142857143
2014-01-12,5203.571428571428,0.14285714285714285,0.0
2014-01-19,3309.0,0.0,0.0
2014-01-26,6053.285714285715,0.0,0.0
2014-02-02,3368.714285714286,0.0,0.0
2014-02-09,6167.571428571428,0.0,0.0
2014-02-16,3445.8571428571427,0.0,0.0
2014-02-23,5576.714285714285,0.0,0.0
2014-03-02,3231.4285714285716,0.0,0.0
2014-03-09,5806.0,0.0,0.0
2014-03-16,3037.1428571428573,0.0,0.0
2014-03-23,5267.714285714285,0.0,0.0
2014-03-30,3320.714285714286,0.0,0.0
2014-04-06,6058.857142857143,0.0,0.0
2014-04-13,3482.5714285714284,0.0,0.0
2014-04-20,5419.571428571428,0.14285714285714285,0.7142857142857143
2014-04-27,2862.1428571428573,0.14285714285714285,0.7142857142857143
2014-05-04,5630.857142857143,0.14285714285714285,0.0
2014-05-11,5489.142857142857,0.0,0.0
2014-05-18,3364.5714285714284,0.0,0.0
2014-05-25,5237.428571428572,0.0,0.0
2014-06-01,3687.1428571428573,0.14285714285714285,0.0
2014-06-08,5684.714285714285,0.0,0.0
2014-06-15,2918.0,0.14285714285714285,0.5714285714285714
2014-06-22,5027.285714285715,0.14285714285714285,0.7142857142857143
2014-06-29,3784.4285714285716,0.0,0.0
2014-07-06,5877.142857142857,0.0,0.0
2014-07-13,3653.714285714286,0.0,0.0
2014-07-20,5386.428571428572,0.0,0.0
2014-07-27,3749.5714285714284,0.0,0.0
2014-08-03,6472.714285714285,0.0,0.2857142857142857
2014-08-10,5713.285714285715,0.0,0.7142857142857143
2014-08-17,3495.714285714286,0.0,0.7142857142857143
2014-08-24,5350.0,0.0,0.7142857142857143
2014-08-31,3291.8571428571427,0.0,0.7142857142857143
2014-09-07,5085.714285714285,0.0,0.7142857142857143
2014-09-14,3480.285714285714,0.0,0.7142857142857143
2014-09-21,5462.142857142857,0.0,0.0
2014-09-28,3438.4285714285716,0.0,0.0
2014-10-05,4881.714285714285,0.14285714285714285,0.0
2014-10-12,5101.0,0.0,0.0
2014-10-19,3435.1428571428573,0.0,0.0
2014-10-26,4754.0,0.0,0.0
2014-11-02,3151.285714285714,0.14285714285714285,0.5714285714285714
2014-11-09,6419.571428571428,0.0,0.0
2014-11-16,5120.285714285715,0.0,0.0
2014-11-23,3292.8571428571427,0.0,0.0
2014-11-30,6111.285714285715,0.0,0.0
2014-12-07,5809.571428571428,0.0,0.0
2014-12-14,4256.428571428572,0.0,0.0
2014-12-21,7689.571428571428,0.0,0.0
2014-12-28,3484.1428571428573,0.2857142857142857,0.7142857142857143
2015-01-04,3253.0,0.14285714285714285,0.7142857142857143
2015-01-11,4367.285714285715,0.14285714285714285,0.14285714285714285
2015-01-18,5450.142857142857,0.0,0.0
2015-01-25,3256.1428571428573,0.0,0.0
2015-02-01,5612.428571428572,0.0,0.0
2015-02-08,5755.0,0.0,0.0
2015-02-15,3379.0,0.0,0.0
2015-02-22,5401.142857142857,0.0,0.0
2015-03-01,3425.4285714285716,0.0,0.0
2015-03-08,6092.428571428572,0.0,0.0
2015-03-15,3431.0,0.0,0.0
2015-03-22,5785.714285714285,0.0,0.0
2015-03-29,3751.1428571428573,0.0,0.0
2015-04-05,6127.428571428572,0.14285714285714285,0.7142857142857143
2015-04-12,3459.8571428571427,0.14285714285714285,0.7142857142857143
2015-04-19,5599.857142857143,0.0,0.0
2015-04-26,3555.0,0.0,0.0
2015-05-03,5443.285714285715,0.14285714285714285,0.0
2015-05-10,5518.0,0.0,0.0
2015-05-17,3335.0,0.14285714285714285,0.0
2015-05-24,5483.714285714285,0.0,0.0
2015-05-31,3494.5714285714284,0.14285714285714285,0.5714285714285714
2015-06-07,5033.428571428572,0.14285714285714285,0.7142857142857143
2015-06-14,3698.5714285714284,0.0,0.0
2015-06-21,5799.857142857143,0.0,0.0
2015-06-28,3709.0,0.0,0.0
2015-07-05,6162.0,0.0,0.0
2015-07-12,3724.285714285714,0.0,0.0
2015-07-19,5963.714285714285,0.0,0.0
2015-07-26,3748.285714285714,0.0,0.0
2015-08-02,8288.4,0.0,0.4
